Title,URL
218 Machine Learning jobs in Greater Ahmedabad Area (11 new),https://in.linkedin.com/jobs/machine-learning-jobs-greater-ahmedabad-area
Machine Learning Jobs In Ahmedabad,https://www.naukri.com/machine-learning-jobs-in-ahmedabad
Machine learning Jobs in Ahmedabad- February 2023 | Glassdoor,https://www.glassdoor.co.in/Job/ahmedabad-machine-learning-jobs-SRCH_IL.0,9_IC2935226_KO10,26.htm
Machine Learning Jobs in Ahmedabad- Gujarat (Feb 2023) - 27 ...,https://www.shine.com/job-search/machine-learning-jobs-in-ahmedabad
Machine Learning Engineer at Glib • Ahmedabad | Wellfound ...,https://angel.co/company/glib-dot-ai/jobs/319273-machine-learning-engineer
InFoCusp is hiring Machine Learning Engineer job in Pune ...,https://cutshort.io/job/Machine-Learning-Engineer-Pune-Ahmedabad-InFoCusp-djhlcPyb
Entry Level Machine Learning Jobs,https://www.springboard.com/blog/data-science/entry-level-machine-learning-jobs/
20 Best machine learning jobs in Ahmedabad- Gujarat (Hiring Now ...,https://www.simplyhired.co.in/search?q=machine+learning&l=ahmedabad%2C+gujarat
Machine learning Jobs in Gāndhīnagar- Gujarat- February 2023 ...,https://www.glassdoor.com/Job/gandhinagar-machine-learning-jobs-SRCH_IL.0,11_IC2930390_KO12,28.htm
Define your career with IBM,https://www.ibm.com/careers/in-en/
Professional Certificate Program In AI And Machine Learning ...,https://www.simplilearn.com/pgp-ai-machine-learning-certification-training-course-ahmedabad-city
Machine Learning Course in Ahmedabad | Machine Learning Training,https://www.tops-int.com/machine-learning-course-in-ahmedabad
Careers | Thomson Reuters,https://www.thomsonreuters.com/en/careers.html
Careers | Cadence,https://www.cadence.com/en_US/home/company/careers.html
Machine Learning Internship at Ahmedabad Job For 0-0 Year Exp In ...,https://www.foundit.in/job/machine-learning-internship-at-ahmedabad-maxgen-technologies-private-limited-ahmedabad-7051383
Machine Learning Job Vacancies in Ahmedabad-Machine Learning ...,https://www.placementindia.com/job-search/machine-learning-jobs-in-ahmedabad.htm
Is Machine Learning a Good Career? (2023 Guide) | BrainStation®,https://brainstation.io/career-guides/is-machine-learning-a-good-career
Machine Learning Course in Ahmedabad | #1 Online Certification,https://intellipaat.com/machine-learning-certification-training-course-ahmedabad/
Machine Learning Engineer Salary in Ahmedabad | AmbitionBox,https://www.ambitionbox.com/profile/machine-learning-engineer-salary/ahmedabad-location
Machine Learning Jobs In Ahmedabad,https://www.timesjobs.com/jobs-in-ahmedabad/machine-learning-jobs
Machine Learning Course in Ahmedabad- Training | Sulekha,https://www.sulekha.com/machine-learning-courses/ahmedabad
Data Scientist job at Adani Group - Instahyre,https://www.instahyre.com/job-168071-data-scientist-at-adani-group-ahmedabad/
Ahmedabad Jobs at IQVIA,https://jobs.iqvia.com/location/ahmedabad-jobs/24443/1269750-1270770-1279233/4
Amazon.in | Amazon.jobs,https://www.amazon.jobs/en/teams/in
Search Jobs - Google Careers,https://careers.google.com/jobs/
How to Become a Machine Learning Engineer in 2021,https://www.discoverdatascience.org/career-information/machine-learning-engineer/
Machine Learning (ML) Course in Ahmedabad - Fee 55% Off,https://datamites.com/machine-learning-course-training-ahmedabad/
Machine Learning Engineer Salary in Ahmedabad- Gujarat | PayScale,https://www.payscale.com/research/IN/Job=Machine_Learning_Engineer/Salary/fed0c784/Ahmedabad
27 Best Freelance Business Intelligence Analysts For Hire Near ...,https://www.upwork.com/hire/business-intelligence-freelancers/in/ahmedabad/
Machine Learning Training Course in Ahmedabad | Besant ...,https://www.besanttechnologies.com/machine-learning-certification-training-course-in-ahmedabad
58 Sports jobs in Ahmedabad- Gujarat- India,https://www.linkedin.com/jobs/sports-jobs-ahmedabad?trk=public_profile_jserp
Find Current Job Openings at Nividous,https://nividous.com/careers
Brijesh Soni,https://www.bc.edu/content/bc-web/schools/mcas/departments/engineering/people/postdoctoral-fellows/brijesh-soni.html
Machine Learning Internship in Ahmedabad | Internshala,https://internshala.com/internships/machine-learning-internship-in-ahmedabad/
AI/ML/Data Science Jobs at Together | ai-jobs.net,https://ai-jobs.net/jobs-at-together/
AI/ML/Data Science Jobs at DigitalOcean | ai-jobs.net,https://ai-jobs.net/jobs-at-digitalocean/
Sophos Careers | Sophos,https://www.sophos.com/en-us/careers/jobs/detail/d906ec68-ce25-47ab-a939-10a62b09cfb1
Uplers: Jobs | LinkedIn,https://au.linkedin.com/company/weareuplers/jobs
Machine-Learning-NLP-Expert-work-from-home - Jobs,https://www.techgig.com/jobs/Machine-Learning-NLP-Expert-work-from-home/69097950
Ravikumar Patel - Northeastern University - Scarborough- Ontario ...,https://ca.linkedin.com/in/ravikumar-patel-4a49b1181?trk=public_profile_browsemap
Intro to Machine Learning (Dr. Data)- organized by IEEE EMBS ...,https://www.youtube.com/watch?v=RI38w-IItB0
Deterministic and Random Single Machine Sequencing with ...,https://dl.acm.org/doi/abs/10.5555/2770640.2770653
Artificial Intelligence- Machine Learning and the Reconstruction of ...,https://journals.sagepub.com/doi/10.1177/2631454120971912
4164 Algorithms Jobs Vacancies in India - Nov ( 2022),https://www.monsterindia.com/search/algorithms-jobs
IIT-Madras to provide technical expertise to boost digital payment ...,https://timesofindia.indiatimes.com/business/india-business/iit-madras-to-provide-technical-expertise-to-boost-digital-payment/articleshow/82520454.cms
